{"cameraMode":{"drawMode":0,"name":"Shaded","section":"Shading Mode"},"sceneLighting":true,"audioPlay":false,"sceneViewState":{"m_AlwaysRefresh":false,"showFog":true,"showSkybox":true,"showFlares":true,"showImageEffects":true,"showParticleSystems":true,"showVisualEffectGraphs":true,"m_FxEnabled":true},"in2DMode":false,"pivot":{"x":1.7815756797790528,"y":-1.00858473777771,"z":2.6139323711395265},"rotation":{"x":0.14272193610668183,"y":0.2992631494998932,"z":-0.045323628932237628,"w":0.942356526851654},"size":3.0798544883728029,"orthographic":false}